-- 初始数据
use learning_forum;

-- 用户表初始数据（密码是 12345678）
INSERT INTO user (id, userAccount, userPassword, unionId, mpOpenId, userName, userAvatar, userProfile, userRole)
VALUES (1, 'user1', 'b0dd3697a192885d7c055db46155b26a', 'unionId1', 'mpOpenId1', 'user1',
        'https://www.code-nav.cn/logo.png', '化学初学者', 'user'),
       (2, 'user2', 'b0dd3697a192885d7c055db46155b26a', 'unionId2', 'mpOpenId2', 'user2',
        'https://www.code-nav.cn/logo.png', '有机化学博士生', 'user'),
       (3, 'user3', 'b0dd3697a192885d7c055db46155b26a', 'unionId3', 'mpOpenId3', 'user3',
        'https://www.code-nav.cn/logo.png', '分析化学爱好者', 'user'),
       (4, 'user4', 'b0dd3697a192885d7c055db46155b26a', 'unionId4', 'mpOpenId4', 'user4',
        'https://www.code-nav.cn/logo.png', '物理化学研究员', 'user'),
       (5, 'yupi', 'b0dd3697a192885d7c055db46155b26a', NULL, NULL, '化学教授', 'https://www.code-nav.cn/logo.png',
        '系统管理员', 'admin');

-- 题库表初始数据
INSERT INTO question_bank (title, description, picture, userId)
VALUES ('元素周期表', '包含元素周期表的基础知识题目',
        'https://pic.code-nav.cn/mianshiya/question_bank_picture/1777886594896760834/JldkWf9w_JavaScript.png', 1),
       ('有机化学', '有机化合物的结构、性质和反应机理',
        'https://pic.code-nav.cn/mianshiya/question_bank_picture/1777886594896760834/QatnFmEN_CSS.png', 2),
       ('无机化学', '无机元素及其化合物的基本知识', 'https://www.mianshiya.com/logo.png', 3),
       ('分析化学', '定性分析、定量分析及仪器分析相关题目', 'https://www.mianshiya.com/logo.png', 1),
       ('物理化学', '热力学、动力学和电化学等物理化学原理', 'https://www.mianshiya.com/logo.png', 2),
       ('生物化学', '生物大分子和生化代谢过程', 'https://www.mianshiya.com/logo.png', 3),
       ('化学热力学', '化学反应的能量变化和平衡', 'https://www.mianshiya.com/logo.png', 1),
       ('化学动力学', '化学反应速率和机理', 'https://www.mianshiya.com/logo.png', 2),
       ('电化学', '氧化还原反应和电池原理', 'https://www.mianshiya.com/logo.png', 3),
       ('化学键理论', '多种化学键类型的基础知识', 'https://www.mianshiya.com/logo.png', 1),
       ('分子结构', '分子的几何构型和空间结构', 'https://www.mianshiya.com/logo.png', 2),
       ('实验安全', '实验室安全和防护技术', 'https://www.mianshiya.com/logo.png', 3),
       ('量子化学', '量子力学在化学中的应用', 'https://www.mianshiya.com/logo.png', 1),
       ('高分子化学', '高分子化合物的合成与性质', 'https://www.mianshiya.com/logo.png', 2),
       ('药物化学', '药物分子的设计与合成', 'https://www.mianshiya.com/logo.png', 3),
       ('环境化学', '环境污染物的检测与治理', 'https://www.mianshiya.com/logo.png', 1),
       ('材料化学', '化学材料的制备与应用', 'https://www.mianshiya.com/logo.png', 2),
       ('核化学', '放射性元素和核反应', 'https://www.mianshiya.com/logo.png', 3),
       ('配位化学', '配位化合物的结构与性质', 'https://www.mianshiya.com/logo.png', 1),
       ('化工原理', '化学工业的基本原理和过程', 'https://www.mianshiya.com/logo.png', 2);

-- 题目表初始数据
INSERT INTO question (title, content, tags, answer, userId)
VALUES ('元素周期表规律', '请解释元素周期表中的周期性规律。', '["元素周期表", "基础"]',
        '元素在周期表中按原子序数排列，具有周期性变化的性质，如原子半径、电离能、电负性等。同一周期从左到右，金属性减弱，非金属性增强。', 1),
       ('碳原子的杂化', '解释sp³杂化的概念和碳原子中的应用。', '["有机化学", "杂化"]',
        'sp³杂化是指一个s轨道和三个p轨道杂化形成四个等价的杂化轨道，指向正四面体的四个顶点。甲烷分子中的碳原子就是sp³杂化。', 2),
       ('酸碱理论', '比较Brønsted-Lowry和Lewis酸碱理论的异同。', '["无机化学", "酸碱理论"]',
        'Brønsted-Lowry理论将酸定义为质子供体，碱定义为质子受体；Lewis理论将酸定义为电子对受体，碱定义为电子对供体，Lewis理论更为广泛。', 3),
       ('气相色谱法原理', '气相色谱法的基本原理是什么？', '["分析化学", "色谱法"]',
        '气相色谱法基于样品中不同组分在固定相和流动相之间的分配系数不同，导致它们以不同速率通过色谱柱，实现组分分离。', 1),
       ('化学平衡常数', '请解释化学平衡常数K与反应自由能变化ΔG的关系。', '["物理化学", "热力学"]',
        '化学平衡常数K与反应自由能变化ΔG的关系为：ΔG = -RT ln K，其中R为气体常数，T为绝对温度。当ΔG < 0时，反应自发进行。', 2),
       ('蛋白质结构层次', '描述蛋白质结构的四个层次。', '["生物化学", "蛋白质"]',
        '蛋白质结构分为一级结构（氨基酸序列）、二级结构（α螺旋和β折叠等局部结构）、三级结构（整个多肽链的三维折叠）和四级结构（多个多肽链的组合）。', 3),
       ('氧化还原反应', '什么是氧化还原反应？如何平衡氧化还原方程式？', '["电化学", "氧化还原"]',
        '氧化还原反应是指电子转移的反应，其中一种物质被氧化（失电子），另一种物质被还原（得电子）。平衡方程式可使用半反应法或离子电子法。', 1),
       ('配位化合物的命名', '解释配位化合物的系统命名规则。', '["配位化学", "命名法"]',
        '配位化合物命名先写阳离子，后写阴离子；配体按字母顺序排列；用希腊数字前缀表示配体数目；金属氧化态用罗马数字表示。', 2),
       ('核反应方程式', '如何书写和平衡核反应方程式？', '["核化学", "核反应"]',
        '核反应方程式需平衡质量数（上标）和原子序数（下标），反应前后这两个数字之和必须守恒。例如：₁H² + ₁H² → ₂He³ + ₀n¹。', 3),
       ('聚合反应类型', '列举并解释几种常见的聚合反应类型。', '["高分子化学", "聚合反应"]',
        '常见聚合反应类型包括加成聚合（如自由基聚合、离子聚合）、缩聚反应（如酯化反应、酰胺化反应）和开环聚合等。', 1),
       ('实验室安全规则', '列举化学实验室的几条基本安全规则。', '["实验安全", "基本规则"]',
        '化学实验室安全规则包括：穿戴防护设备、了解应急程序、正确处理化学废弃物、不在实验室饮食、按规程操作危险品等。', 2),
       ('共价键的特性', '什么是共价键？描述其基本特性。', '["化学键理论", "共价键"]',
        '共价键是原子间通过共用电子对形成的化学键，具有方向性、饱和性和长度等特性，其强度与共用电子对数目和原子间重叠程度有关。', 3),
       ('热力学第二定律', '请解释热力学第二定律及其对化学反应的指导意义。', '["化学热力学", "第二定律"]',
        '热力学第二定律表明，自发过程总是伴随着系统熵的增加，可用于预测化学反应的方向，∆G < 0的反应可以自发进行。', 1),
       ('分子轨道理论', '什么是分子轨道理论？如何应用于解释分子中的化学键？', '["量子化学", "分子轨道"]',
        '分子轨道理论认为分子中的电子属于整个分子而非单个原子，通过原子轨道线性组合形成分子轨道，可以解释分子的键级、顺磁性等性质。', 2),
       ('苯环的共振结构', '请解释苯环的共振理论及其稳定性原因。', '["有机化学", "共振理论"]',
        '苯环具有共振结构，可以用多个克库勒结构表示，实际上电子是离域的，π电子均匀分布在环上，这种共轭结构使苯环具有特殊的稳定性。', 3),
       ('反应级数与反应机理', '请说明反应级数与反应机理的关系。', '["化学动力学", "反应机理"]',
        '反应级数是实验测定的，表示浓度对反应速率的影响；反应机理是理论推测的，描述反应的微观过程。两者并不总是对应，需通过实验验证。', 1),
       ('电极电势', '请解释标准电极电势及其在电化学中的应用。', '["电化学", "电极电势"]',
        '标准电极电势是在标准状态下测量的半电池相对于标准氢电极的电位，可用于计算电池电动势、预测氧化还原反应方向和计算反应自由能。', 2),
       ('同位素技术', '比较不同类型的同位素及其在化学研究中的应用。', '["核化学", "同位素"]',
        '同位素分为稳定同位素和放射性同位素，可用于示踪反应路径、测定化合物年代、研究反应机理和进行结构分析等。', 3),
       ('手性分子', '请解释手性分子的概念及其在药物化学中的重要性。', '["药物化学", "手性"]',
        '手性分子是指与其镜像不能重叠的分子，通常含有手性中心。在药物化学中，不同对映体可能具有不同的生物活性和毒性，因此手性药物的立体选择性合成至关重要。', 1),
       ('绿色化学原则', '什么是绿色化学？列举几条绿色化学原则。', '["环境化学", "绿色化学"]',
        '绿色化学是设计化学产品和工艺以减少或消除有害物质使用和产生的方法。原则包括：废物预防、原子经济性、减少毒性、可再生原料使用等。', 2);

-- 题库题目关联初始数据
INSERT INTO question_bank_question (questionBankId, questionId, userId)
VALUES (1, 1, 1),
       (1, 2, 1),
       (1, 3, 1),
       (1, 4, 1),
       (1, 5, 1),
       (1, 6, 1),
       (1, 7, 1),
       (1, 8, 1),
       (1, 9, 1),
       (1, 10, 1),
       (2, 2, 2),
       (2, 14, 2),
       (3, 3, 3),
       (3, 13, 3),
       (4, 4, 1),
       (4, 16, 1),
       (5, 5, 2),
       (5, 18, 2),
       (6, 6, 3),
       (6, 19, 3),
       (7, 7, 1),
       (7, 11, 1),
       (8, 8, 2),
       (8, 10, 2),
       (9, 9, 3),
       (9, 17, 3),
       (10, 12, 1),
       (10, 20, 1);